<?xml version="1.0" encoding="UTF-8"?>
<!DOCTYPE Menu SYSTEM "Menu_restaurant.dtd">
<Menu>
    <Vasiko>
        <Almuro id_a="a1234" Price_a="20euro"></Almuro>
            <Onoma      Description="jhfukhf" Spicy="No">Fruity Fish Salad</Onoma>
            <Katigoria typos="Salata"></Katigoria>
            <Kuria_sustatika 
                Ingredient_category="Fresko"
               Perilamvanetai="Yes"> Μαρούλι-Λόλα </Kuria_sustatika>
            <Kuria_sustatika 
                Ingredient_category="Katepsigmeno"
               Perilamvanetai="Yes"> Σολωμός </Kuria_sustatika>
               <Kuria_sustatika 
                Ingredient_category="Suskeuasmeno"
               Perilamvanetai="No"> Δαμάσκινα </Kuria_sustatika>

        <Gluko id_g="b9999" Price_g="6euro" ></Gluko>
            <Onoma Description="shdfkjasf" Spicy="No">Κρέπα</Onoma>
            <Katigoria typos="Epidorpio"></Katigoria>
            <Kuria_sustatika 
                Ingredient_category="Fresko"
               Perilamvanetai="Yes"> Φύλο_κρέπας </Kuria_sustatika>
            <Kuria_sustatika 
                Ingredient_category="Suskeuasmeno"
               Perilamvanetai="No"> Επικάλυψη_σοκολάτας </Kuria_sustatika>
               <Kuria_sustatika 
                Ingredient_category="Fresko"
               Perilamvanetai="No"> Μπανάνα </Kuria_sustatika>

        <Almuro id_a="c6236262" Price_a="8euro"></Almuro>
            <Onoma     Description="sdjxaskjldh"  Spicy="Yes">Pizza</Onoma>
            <Katigoria typos="Kurios_piato"></Katigoria>
            <Kuria_sustatika 
                Ingredient_category="Suskeuasmeno"
               Perilamvanetai="No"> Τυρί Gouda </Kuria_sustatika>
            <Kuria_sustatika 
                Ingredient_category="Fresko"
               Perilamvanetai="Yes"> Ζύμη </Kuria_sustatika>
               <Kuria_sustatika 
                Ingredient_category="Suskeuasmeno"
               Perilamvanetai="Yes"> Σάλτσα </Kuria_sustatika>
                <Kuria_sustatika 
                Ingredient_category="Fresko"
               Perilamvanetai="Yes"> Τηγανιτές πατάτες </Kuria_sustatika>

</Vasiko>

<Prosforas kodikos1="a1234" kodikos2="b9999" Timh="22euro"></Prosforas>
</Menu>