<?xml version="1.0" encoding="UTF-8"?>
<!DOCTYPE TouristGuide SYSTEM "touristguide.dtd">
<TouristGuide>      

      <Touristic_Location id="1">
          <Location_Name>
          Ξυλόκαστρο
          </Location_Name>

        <Description>Η παραθαλάσσια πόλη του Ξυλοκάστρου είναι έδρα του δήμου Ξυλοκάστρου – Ευρωστίνης και ανήκει στην περιφερειακή ενότητας Κορινθίας.
Το όνομά του το πήρε από ένα ξύλινο στρατώνα που λειτουργούσε ως παρατηρητήριο στην περιοχή, κατά τα χρόνια της Ενετοκρατίας. Ο στρατώνας βρισκόταν πάνω από τη σημερινή πόλη, κοντά στον ποταμό Σύθα.
Κάθε καλοκαίρι δέχεται χιλιάδες επισκέπτες. Αποτελεί ιδανικό προορισμό τόσο για διακοπές σαββατοκύριακου, όσο και για πολυήμερες διακοπές.
Στο Ξυλόκαστρο υπάρχουν πολλά ξενοδοχεία, ταβέρνες και καφέ, που αποτελούν πόλο έλξης των παραθεριστών.
        <Local_Products>
        <Prod_name>φρέσκα θαλασσινά</Prod_name>
        <Prod_name> κρεατικά</Prod_name>
        <Prod_name>ουζομεζέδες</Prod_name>
        <Prod_name>ψητά σούβλας</Prod_name>
        </Local_Products>
        </Description>

        <Monuments>
        <mon_name name="Δάσος Πευκιά">Το Δάσος του Πευκιά βρίσκεται στο ανατολικό άκρο του Ξυλοκάστρου, ανάμεσα στο Ξυλόκαστρο και τη Συκιά. Είναι ένα φυσικό πευκοδάσος μήκους 1760 μέτρων ηλικίας άνω των 140 ετών. Έχει χαρακτηριστεί από τον Καρυωτάκη σε ποιημά του ως το «πράσινο ακρογιάλι της πατρίδας». Αποτελούσε επίσης πηγή έμπνευσης του Άγγελου Σικελιανού. Είναι ένα ιδανικός σημείο για περπάτημα και τρέξιμο απολαμβάνοντας ταυτόχρονα τις μυρωδιές από τα κάθε λογής λουλούδια και φυτά. </mon_name>
        <mon_name name="Μονή της Παναγίας Κορφιώτισσας ">Η Μονή της Παναγιάς Κορφιώτισσας, βρίσκεται νότια του χωριού Καμάρι του δήμου Ξυλοκάστρου.
Βρίσκεται σε υψόμετρο 730 περίπου μέτρων, στην κορυφή του λόφου «Κούτσα». Η θέα από το σημείο αυτό είναι μοναδική.
Η ιστορία αναφέρει ότι αρχικά χτίστηκε ένα μικρό εκκλησάκι στα ερείπια αρχαίου κτίσματος και στη συνέχεια το μοναστήρι. Το μοναστήρι αρχικά φιλοξενούσε άνδρες μοναχούς αλλά αργότερα μετατράπηκε σε γυναικείο. Η εικόνα της Παναγιάς της Κορφιώτισσας, που χρονολογείται από το 1816, είναι τοποθετημένη σε σκαλιστό εικονοστάσι, έργο του ξυλογράφου Ιωάννου Βασιλείου.</mon_name>
        </Monuments>

        <arounds>
        <around name="Τρίκαλα Κορινθίας"> Ανηφορίζοντας από Ξυλόκαστρο σε απόσταση 20 χλμ βρίσκονται τα Τρίκαλα Κορινθίας. Τα Τρίκαλα Κορινθίας είναι φωλιασμένα στις πλαγιές του οροπεδίου της Ζήρειας και αποτελούνται από τρεις συνοικίες τα Κάτω Τρίκαλα Κορινθίας, τα Μεσαία Τρίκαλα Κορινθίας και τα Άνω Τρίκαλα Κορινθίας. Παραμένει μια παραδοσιακή περιοχή με πέτρινες πλατείες και αιωνόβια πλατάνια που θα σας εκπλήξει με τις σπάνιες ομορφιές της, τα βουνά, τα γάργαρα νερά, το χιόνι που σε συνδυασμό με την πέτρα και το ξύλο και τη φιλοξενία των κατοίκων της δημιουργούν ένα ήρεμο και γαλήνιο τοπίο που θα κάνει την διαμονή σας αξέχαστη.</around>
        </arounds>

        <Beaches>
        <beach name="Παραλία Πευκία">Μπρόστα από το Δάσος του Πευκιά επεκτείνετε η παραλία του Πευκιά, μία παραλία με καταγάλανα καθαρά νερά και μεγάλα βότσαλα. Πρόκειται για μία οργανωμένη παραλία με ξαπλώστρες και ομπρέλες, με μεγάλη επισκεψιμότητα λόγο της φήμης της.</beach>
        <beach name="Παραλία Αριστοναυτών">Η παραλία των Αριστοναυτών είναι αμμώδης και αρκετά ήσυχη καθώς δεν είναι οργανωμένη.</beach>
        <beach name="Παραλία Συκίας">Στη συνέχεια του Ξυλοκάστρου θα βρείτε το χωριό Συκία και την ομώνυμη παραλία του. Κι εδώ θα βρείτε επίσης βότσαλο και καθαρά νερά.</beach>
        </Beaches>

        <routing>
        <distance from="από Αθήνα" value="120" unit="χλμ">
        <routes>Από την Αθήνα  
           μπορείτε να φτάσετε στο Ξυλόκαστρο αν 
          ακολουθήσετε την Ε.Ο. Αθηνών-Κορίνθου-
           Πατρών.</routes>
        <routes>Καθημερινά 
          εκτελούνται δρομολόγια του ΚΤΕΛ από 
          την Αθήνα.</routes>
        </distance>
        <distance from="από Πάτρα" value="95" unit="χλμ">
        <routes>Από την Πάτρα 
           μπορείτε να φτάσετε στο Ξυλόκαστρο αν 
           ακολουθήσετε την Ε.Ο. Πατρών-
           Κορίνθου.</routes>
        <routes>Καθημερινά 
          εκτελούνται δρομολόγια του ΚΤΕΛ από 
          την Πάτρα.</routes>
        </distance>
        </routing>

        <useful_phones>
        <service_phone>
        <serv_name>Δήμος Ξυλοκάστρου</serv_name>
        <phone>27433 60200</phone>
        </service_phone>
        <service_phone>
        <serv_name>Κέντρο Υγείας Ξυλοκάστρου</serv_name>
        <phone>27433 60000</phone>
        </service_phone>
        <service_phone>
        <serv_name>Νοσοκομείο Κορίνθου</serv_name>
        <phone> 27410 25711</phone>
        </service_phone>
        <service_phone>
        <serv_name>Δασαρχείο</serv_name>
        <phone>27430 22282</phone>
        </service_phone>
        <service_phone>
        <serv_name>Αστυνομία Ξυλοκάστρου</serv_name>
        <phone>27430 29232</phone>
        </service_phone>
        <service_phone>
        <serv_name>Τροχαία Ξυλοκάστρου</serv_name>
        <phone>27430 29227</phone>
        </service_phone>
        </useful_phones>

        <moist_perc>30</moist_perc>

        <sum_tempr_perc>35</sum_tempr_perc>
      
      
      </Touristic_Location>




  <Touristic_Location>
          <Location_Name>Πύλος
          </Location_Name>

        <Description>
        Η Πύλος είναι μία μικρή γραφική παραθαλάσσια πόλη, που βρίσκεται στο νοτιοδυτικό τμήμα του νομού Μεσσηνίας.  Η Πύλος είναι αμφιθεατρικά χτισμένη στο νότιο άνοιγμα του όρμου του Ναβαρίνου, όπου έγινε η ιστορική ναυμαχία, και ορίζεται από τη νήσο Σφακτηρία.
Η Πύλος αποτελεί το μεγαλύτερο φυσικό λιμάνι της Πελοποννήσου και ταυτόχρονα έναν από τους πιο ενδιαφέροντες τουριστικούς προορισμούς της Μεσσηνίας, χάρη στην ένδοξη ιστορία και τις πλούσιες φυσικές ομορφιές της περιοχής.
Η κωμόπολη της Πύλου έχει ένα νησιωτικό χαρακτήρα. Η Πύλος προσελκύει κάθε καλοκαίρι πολλούς τουρίστες, που την επισκέπτονται για να θαυμάσουν τα ιστορικά της μνημεία και τη γραφικότητα του τοπίου.

        <Local_Products>
        <Prod_name> τηγανιτός βακαλάος με σκορδαλιά</Prod_name>
        <Prod_name>δίπλες </Prod_name>
        <Prod_name> λουκάνικα καπνισμένα</Prod_name>
        <Prod_name>λαλάγγια </Prod_name>
        <Prod_name>ούζο </Prod_name>
        </Local_Products>

        <Cultural_Events>
         <event date=" πρώτο δεκαπενθήμερο του Αυγούστου" event_desc=" αγωνίσματα 
              στίβου και θάλασσας, όπως κολύμβηση, 
              ιστιοπλοΐα κ.ά.">Τσικλιτήρια </event>


    <event date="  23 Σεπτεμβρίου" >Πανηγύρι της Παναγίας της Γοργοπηγής </event>

<event date="  20 Οκτωβρίου" >Επέτειος της Ναυμαχίας του Ναβαρίνου </event>
        </Cultural_Events>
        </Description>

        <Monuments>
        <mon_name name="Η πλατεία Τριών Ναυάρχων">Βρίσκεται στο κέντρο της Πύλου αποτελεί πραγματικό αξιοθέατο για την πόλη. Στην πλατεία δεσπόζει το ομώνυμο μνημείο, προς τιμήν των Ναυάρχων Κόδριγκτων, Δεριγνύ, Χέυδεν, που ηγήθηκαν της ιστορικής ναυμαχίας του Ναβαρίνου. Αριστερά και δεξιά από το μνημείο βρίσκονται δύο ορειχάλκινα κανόνια, ένα βενετσιάνικο και ένα τούρκικο, που μεταφέρθηκαν από το φρούριο του Νιόκαστρου. Στην πλατεία Τριών Ναυάρχων μπορείτε να απολαύσετε τον καφέ σας υπό τη σκιά και δροσιά των εντυπωσιακών αιωνόβιων πλατάνων, απολαμβάνοντας ταυτόχρονα μία εξαιρετική θέα της νήσου Σφακτηρίας.</mon_name>
        <mon_name name="Το Παλαιόκαστρο">Βόρεια της Πύλου, στον εξαιρετικής ομορφιάς όρμο της Βοϊδοκοιλιάς δεσπόζει το Παλαιόκαστρο, προσφέροντας μία μαγευτική θέα προς το Ιόνιο Πέλαγος. Το Παλαιόκαστρο ή Παλιοναβαρίνο χτίστηκε το 1287, στην οχυρή θέση της αρχαίας ακρόπολης της Πύλου. Το Παλαιόκαστρο διαδραμάτισε σπουδαίο ρόλο σε όλα τα πολεμικά γεγονότα της Πύλου, μέχρι το κτίσιμο του Νιόκαστρου, στη νότια πλευρά του λιμανιού, έπειτα από προσχώσεις στο στενό της Συκιάς από του Τούρκους.</mon_name>
        <mon_name name="Το Νιόκαστρ"> Στη νότια είσοδο του λιμανιού, πάνω στα βράχια, είναι χτισμένο το επιβλητικό Νιόκαστρο. Η ονομασία «Νιόκαστρο» έρχεται σε αντιδιαστολή με το προγενέστερο φρούριο «Παλαιόκαστρο». Μέσα στο χώρο του κάστρου, μπορείτε να δείτε εκτός των άλλων την Ακρόπολη, το ναό της Μεταμόρφωσης του Σωτήρος, καθώς και να θαυμάσετε την πλούσια συλλογή του Γάλλου φιλέλληνα Rene Puaux.</mon_name>
        </Monuments>

        <arounds>
        <around name="Μεθώνη">Στο νοτιοδυτικό άκρο του νομού Μεσσηνίας και σε απόσταση 61 χλμ από την πόλη της Καλαμάτας βρίσκεται η Μεθώνη. Η Μεθώνη είναι μία όμορφη παραλιακή κωμόπολη με μοναδικά αξιοθέατα. Τους καλοκαιρινούς μήνες προσελκύει πλήθος επισκεπτών, καθώς ενδείκνυται για ήσυχες οικογενειακές διακοπές.
Σύμφωνα με τον Παυσανία το πρώτο όνομα της πόλης ήταν Πήδασος. Ο Όμηρος την αναφέρει σαν μία από τις επτά πόλεις που είχε τάξει ο Αγαμέμνονας στον Αχιλλέα κατά τη διάρκεια του Τρωικού Πολέμου.</around>
        </arounds>

        <Beaches>
        <beach name="Παραλία Γιάλοβας">Είναι μία εκτεταμένη αμμώδης παραλία με καταγάλανα νερά. Σήμα κατατεθέν της παραλίας είναι το ναυαγισμένο βαπόρι. Εδώ μπορείτε να απολαύσετε το μπάνιο σας, να κάνετε ηλιοθεραπεία, αλλά και να νοικιάσετε wind surf και κανό, προκειμένου να επιδοθείτε σε θαλάσσιες δραστηριότητες. Ακριβώς πάνω από την παραλία υπάρχουν εστιατόρια και καφετέριες, όπου μπορείτε να απολαύσετε το φαγητό ή τον καφέ σας.</beach>
        <beach name="Παραλία Βοϊδοκοιλιάς">Είναι αναμφισβήτητα η πιο δημοφιλής παραλία ολόκληρου του νομού Μεσσηνίας. Πρόκειται για μία παραλία αποτελούμενη από ψιλή άμμο, που σχηματίζει έναν σχεδόν ολοστρόγγυλο κόλπο, περικλείοντας μέσα του πεντακάθαρα γαλαζοπράσινα νερά.</beach>
        <beach name="Χρυσή Άμμος">Πρόκειται για μία όμορφη, ήσυχη παραλία στρωμένη με ψιλή άμμο, με υπέροχη θέα στον κόλπο του Ναβαρίνου και τη νήσο Σφακτηρία. Κοντά στην παραλία θα βρείτε camping.</beach>
        </Beaches>

        <routing>
        <distance from="από Αθήνα" value="320 " unit="χλμ">
        <routes>Από την Αθήνα 
                μπορείτε να φτάσετε στην Πύλο αν 
                ακολουθήσετε την Ε.Ο. Αθηνών-
                Κορίνθου-Τριπόλεως, και έπειτα 
                ακολουθήσετε τη διαδρομή Τρίπολη– 
                 Μεγαλόπολη- Καλαμάτα. Αφού 
                φτάσετε στην Καλαμάτα, ακολουθείτε 
                τη σήμανση προς Πύλο</routes>
        <routes>Καθημερινά 
                 εκτελούνται δρομολόγια του ΚΤΕΛ από 
                 την Αθήνα.</routes>
        </distance>
        <distance from="από Πάτρα" value="216" unit="χλμ">
        <routes>Από την Πάτρα 
                  μπορείτε να φτάσετε στην Πύλο αν 
                  ακολουθήσετε την Ε.Ο. Πατρών-
                  Πύργου, και έπειτα ακολουθήσετε τη 
                  διαδρομή Πύργος-Κυπαρισσία. Αφού 
                  φτάσετε στην Κυπαρισσία, 
                  ακολουθείτε τη σήμανση προς Πύλο.</routes>
        <routes>Καθημερινά 
                   εκτελούνται δρομολόγια του ΚΤΕΛ 
                   από την Πάτρα.</routes>
        </distance>
        <distance from="από Καλαμάτα" value="52 " unit="χλμ"> </distance>
        </routing>

        <useful_phones>
        <service_phone>
        <serv_name>Δήμος Πύλου</serv_name>
        <phone>27230 22221</phone>
        </service_phone>
        <service_phone>
        <serv_name>Λιμεναρχείο Πύλου</serv_name>
        <phone>27230 22225</phone>
        </service_phone>
        <service_phone>
        <serv_name>Νοσοκομείο Πύλου</serv_name>
        <phone>27230 22315</phone>
        </service_phone>
        <service_phone>
        <serv_name>Κέντρο Υγείας Πύλου</serv_name>
        <phone>27230 23777</phone>
        </service_phone>
        <service_phone>
        <serv_name>Αστυνομία Πύλου</serv_name>
        <phone>27230 22100</phone>
        </service_phone>
        </useful_phones>

        <moist_perc>45</moist_perc>

        <sum_tempr_perc>36</sum_tempr_perc>
      
      
      </Touristic_Location>






  <Touristic_Location>
          <Location_Name>Καρδαμύλη
          </Location_Name>

        <Description>Η Καρδαμύλη είναι ένα πανέμορφο παραθαλάσσιο χωριό της Μεσσηνιακής Μάνης και υπάγεται διοικητικά στο δήμο Λεύκτρου. Η Καρδαμύλη αποτελεί  έναν από τους καλύτερα διατηρημένους παραδοσιακούς οικισμούς της Μεσσηνιακής Μάνης και ταυτόχρονα σημαντικό τουριστικό θέρετρο. Η Καρδαμύλη είναι ένα χωριό με πλούσια ιστορία η οποία αποδεικνύεται περίτρανα από την παρουσία του ιστορικού οικισμού της Παλαιάς Καρδαμύλης.
Η Καρδαμύλη είναι ένα γραφικό παραθαλάσσιο χωριό με μεγάλη ποικιλία τοπίων, που προσελκύει πλήθος επισκεπτών, κυρίως τους καλοκαιρινούς μήνες. Εδώ ο επισκέπτης μπορεί να θαυμάσει καταπράσινες πλαγιές, απέραντους ελαιώνες, υπέροχες παραλίες, περιποιημένα πέτρινα αρχοντικά παραδοσιακής μανιάτικης αρχιτεκτονικής, λιθόστρωτα δρομάκια, κατάφυτους κήπους και το πανέμορφο γραφικό λιμανάκι του χωριού.
        <Local_Products>
       <Prod_name> ελιές</Prod_name>
        <Prod_name>σταφύλια </Prod_name>
        <Prod_name> σταφίδα</Prod_name>
        <Prod_name>σύκα</Prod_name>
        </Local_Products>
        </Description>

        <Monuments>
        <mon_name name="Το Φαράγγι του Βυρού">Βρίσκεται στη δυτική πλευρά του όρους Ταΰγετος και έχει συνολικό μήκος 19 χλμ. Ξεχωρίζει για την άγρια φυσική του ομορφιά, καθώς κατά μήκος του συναντάμε δάση μαυρόπευκου και κεφαλληνιακής ελάτης, καθώς και άλλα είδη δέντρων, όπως κέδρους, κυπαρίσσια και καρυδιές. Στο φαράγγι είναι επίσης λαξεμένοι οι τάφοι των Διόσκουρων. Υπάρχουν πολλά σηματοδοτημένα μονοπάτια για πεζοπορία, τα οποία περνούν από γραφικά χωριά με βυζαντινά εκκλησάκια και υπέροχα πέτρινα κτίσματα.</mon_name>
        <mon_name name="Το κάστρο της Ζαρνάτας">Αποτελεί ένα από τα τέσσερα μεγάλα κάστρα της Μάνης. Χτίστηκε στα μέσα του  17ου αιώνα και βρίσκεται σε απόσταση μόλις 500 μ. από την κοινότητα του Κάμπου. Μέσα στο κάστρο, στην ανατολική πλευρά, υπήρχε χτισμένος αξιόλογος μεταβυζαντινός ναός του Αγίου Νικολάου, ο οποίος όμως αχρηστεύτηκε. Το 1776 όμως, οι ντόπιοι έχτισαν στο μέσο του κάστρου το Ναό της Ζωοδόχου Πηγής.</mon_name>
        </Monuments>

        <arounds>
        <around name="Στούπα"> Είναι ένα όμορφο παραθαλάσσιο χωριό της Μεσσηνιακής Μάνης, που βρίσκεται 45 χλμ. ανατολικά από την πόλη της Καλαμάτας. Διοικητικά υπάγεται στο Δήμο Λεύκτρου, ο οποίος απαριθμεί περίπου 600 μόνιμους κατοίκους. Τους καλοκαιρινούς μήνες, ο αριθμός των κατοίκων της περιοχής αυξάνεται αισθητά</around>
        </arounds>

        <Beaches>
        <beach name="Παραλία Ριτσά">Βρίσκεται ακριβώς στην είσοδο της Καρδαμύλης. Πρόκειται για μία όμορφη παραλία που αποτελείται από λευκό χοντρό βότσαλο. Εδώ μπορείτε να απολαύσετε τον ήλιο και τη θάλασσα, αλλά και να επιδοθείτε σε θαλάσσια σπορ. Θα βρείτε επίσης χώρο στάθμευσης, αλλά και μία ταβέρνα ανάμεσα στα ελαιόδεντρα, όπου μπορείτε να απολαύσετε διάφορα εδέσματα.</beach>
        <beach name="Παραλία Φονέας">Επισκεφθείτε την υπέροχη παραλία του Φονέα, που είναι μία από τις πιο γνωστές παραλίες της περιοχής, παρά το γεγονός ότι είναι καλά κρυμμένη. Η πρόσβαση σ’ αυτήν πραγματοποιείται κατηφορίζοντας έναν μικρό χωματόδρομο ανάμεσα σε δέντρα. Το λευκό βότσαλο, τα γαλαζοπράσινα νερά και οι βράχοι που προσφέρουν φυσική σκιά δημιουργούν ένα μικρό παράδεισο.</beach>
        <beach name="Παραλία Δελφίνια">Ακόμα μία φημισμένη παραλία στην Καρδαμύλη είναι η παραλία Δελφίνια, η οποία αποτελείται από άμμο και λεπτό βότσαλο. Μέσα σε έναν κόλπο με ήρεμα γαλαζοπράσινα νερά, στην παραλία αυτή θα απολαύσετε το κολύμπι, την ηλιοθεραπεία και θα επιδοθείτε σε θαλάσσιες δραστηριότητες. Πάνω από την παραλία υπάρχει οργανωμένο camping, ενώ η πρόσβαση στην παραλία γίνεται μέσω χωματόδρομου.</beach>
        </Beaches>

        <routing>
        <distance from="από Αθήνα" value="238" unit="χλμ">
        <routes>Από την Αθήνα 
                μπορείτε να φτάσετε στην Καρδαμύλη 
                αν ακολουθήσετε την Ε.Ο. Αθηνών-
                Κορίνθου-Τριπόλεως, και έπειτα 
                ακολουθήσετε τη διαδρομή Τρίπολη– 
                 Μεγαλόπολη- Καλαμάτα. Αφού 
                 φτάσετε στην Καλαμάτα, από τον 
                 παραλιακό δρόμο της πόλης, 
                 ακολουθείτε τη σήμανση προς 
                 Καρδαμύλη. 
</routes>
        <routes>Καθημερινά 
          εκτελούνται δρομολόγια του ΚΤΕΛ από 
          την Αθήνα.</routes>
        </distance>
        <distance from="από Πάτρα" value="320" unit="χλμ" >
        <routes>Από την Πάτρα 
                 μπορείτε να φτάσετε στην Καρδαμύλη 
                αν ακολουθήσετε την Ε.Ο. Πατρών-
                Κορίνθου-Τριπόλεως, και έπειτα 
                ακολουθήσετε τη διαδρομή Τρίπολη– 
                Μεγαλόπολη- Καλαμάτα. Αφού 
                φτάσετε στην Καλαμάτα, από τον 
                παραλιακό δρόμο της πόλης, 
                ακολουθείτε τη σήμανση προς 
                Καρδαμύλη.</routes>
        <routes>Καθημερινά 
          εκτελούνται δρομολόγια του ΚΤΕΛ από 
          την Πάτρα.</routes>
        </distance>
                <distance from="από Καλαμάτα" value="35" unit="χλμ" >  </distance>
        </routing>

        <useful_phones>
        <service_phone>
        <serv_name>Αγροτικό Ιατρείο Καρδαμύλης</serv_name>
        <phone>27210 73218</phone>
        </service_phone>
        <service_phone>
        <serv_name>Αστυνομία Καρδαμύλης</serv_name>
        <phone>27210 73209</phone>
        </service_phone>
        <service_phone>
        <serv_name>Δήμος Λεύκτρου</serv_name>
        <phone>27210 73265</phone>
        </service_phone>
         </useful_phones>


        <moist_perc>28</moist_perc>

        <sum_tempr_perc>32</sum_tempr_perc>
      
      
      </Touristic_Location>






        <Touristic_Location>
          <Location_Name>Κορώνη
          </Location_Name>

        <Description>Σύμφωνα με μία αρχαία λαϊκή παράδοση, η Κορώνη πήρε το όνομά της από το χάλκινο νόμισμα Κουρούνα, το οποίο βρέθηκε στην περιοχή κατά τη διάρκεια ανασκαφών. Η Κορώνη ταυτίζεται με την ομηρική Αίπεια, μία από τις πόλεις που είχε τάξει ο Αγαμέμνονας στον Αχιλλέα κατά τη διάρκεια του Τρωικού πολέμου.
Στα χρόνια της τουρκοκρατίας προέκυψε η γνωστή φράση …«έχει μπάρμπα στην Κορώνη», πιθανότατα από έναν πασά της Τρίπολης που για να ευχαριστήσει έναν θείο του που τον είχε βοηθήσει, τον έχρισε μπέη στην Κορώνη. Ο μπέης, έπειτα, θέλοντας να είναι εξυπηρετικός προς του Κορωναίους, εκπλήρωνε τις επιθυμίες τους δίνοντας συστατικά γράμματα προς τον πασά της Τρίπολης.
        <Local_Products>
        <Prod_name>ελιές</Prod_name>
        <Prod_name>σταφύλια</Prod_name>
        <Prod_name>σταφίδα,</Prod_name>
        <Prod_name>σύκα</Prod_name>
        <Prod_name>εσπεριδοειδή</Prod_name>
        <Prod_name>οπωροκηπευτικά</Prod_name>
        </Local_Products>
        </Description>

        <Monuments>
        <mon_name name="Ενετικό Κάστρο">Δεσπόζει επιβλητικά πάνω σε ένα χαμηλό λόφο και είναι το πρώτο πράγμα που αντικρίζει ο επισκέπτης φτάνοντας στην πόλη. Το Κάστρο χτίστηκε το 13ο αιώνα και αποτελεί χαρακτηριστικό δείγμα της βενετσιάνικης φρουριακής αρχιτεκτονικής. Στο εσωτερικό του Κάστρου σώζονται οικισμός και εκκλησιαστικοί ναοί. Αξίζει να προσέξετε την οχυρωματική τεχνική του κάστρου ενώ η θέα που προσφέρει είναι μοναδική.</mon_name>
        <mon_name name="Μοναστήρι του Αγίου Ιωάννη "> Μέσα στο κάστρο βρίσκεται το παλαιοημερολογίτικο μοναστήρι του Αγίου Ιωάννη, δίπλα στα ερείπια βυζαντινής εκκλησίας. Η μονή ανεγέρθη το 1918. Στην αριστερή πλευρά της εσωτερικής αυλής δεσπόζει η εκκλησία του Αγίου Ιωάννη, και δίπλα βρίσκονται τάφοι μοναχών. Εκτός από τα κελιά, τους ξενώνες και τις υπόγειες δεξαμενές, στις εγκαταστάσεις της Μονής συμπεριλαμβάνονται και σπηλιές λαξεμένες σε τοίχο. Η πιο γνωστή σπηλιά είναι το «σχολείο», το οποίο θυμίζει κατακόμβη.</mon_name>
        </Monuments>

        <arounds>
        <around name="Μεθώνη">Στο νοτιοδυτικό άκρο του νομού Μεσσηνίας και σε απόσταση 61 χλμ  από την πόλη της Καλαμάτας βρίσκεται η Μεθώνη. Η Μεθώνη είναι μία όμορφη παραλιακή κωμόπολη με μοναδικά αξιοθέατα. Τους καλοκαιρινούς μήνες προσελκύει πλήθος επισκεπτών, καθώς ενδείκνυται για ήσυχες οικογενειακές διακοπές.</around>
        </arounds>

        <Beaches>
        <beach name="Παραλία Περούλια">Πρόκειται για μία πολυσύχναστη παραλία, μεγάλη σε μήκος με ψιλή χρυσή άμμο. Πάνω στην παραλία υπάρχει beach bar, όπου μπορείτε να απολαύσετε τον καφέ σας ή ένα δροσιστικό αναψυκτικό.</beach>
        <beach name="Παραλία Κολονίδες">Είναι μία όμορφη ήσυχη παραλία με εξαιρετικά ψιλή χρυσή άμμο. Τριγύρω υπάρχουν βράχια και δέντρα και η πρόσβαση σε αυτήν γίνεται μέσω ενός χωμάτινου μονοπατιού.</beach>
        <beach name="Παραλία Γαργαρού"> Η Γαργαρού είναι μία ιδιαίτερη παραλία. Είναι στενή, αποτελείται από ξεχωριστό καφέ βότσαλο και ενδείκνυται για όσους θέλουν να απολαύσουν ήσυχα τον ήλιο και τη θάλασσα.</beach>
        </Beaches>

        <routing>
        <distance from="από Αθήνα" value="281" unit="χλμ">
        <routes>Από την Αθήνα 
                μπορείτε να φτάσετε στην Καρδαμύλη 
                αν ακολουθήσετε την Ε.Ο. Αθηνών-
                Κορίνθου-Τριπόλεως, και έπειτα 
                ακολουθήσετε τη διαδρομή Τρίπολη– 
                 Μεγαλόπολη- Καλαμάτα. Αφού 
                 φτάσετε στην Καλαμάτα, από τον 
                 παραλιακό δρόμο της πόλης, 
                 ακολουθείτε τη σήμανση προς 
                 Κορώνη.</routes>
        <routes>Καθημερινά 
          εκτελούνται δρομολόγια του ΚΤΕΛ από 
          την Αθήνα.</routes>
        </distance>
        <distance from="από Πάτρα" value="327" unit="χλμ">
        
        <routes>Από την Πάτρα 
                 μπορείτε να φτάσετε στην Καρδαμύλη 
                αν ακολουθήσετε την Ε.Ο. Πατρών-
                Κορίνθου-Τριπόλεως, και έπειτα 
                ακολουθήσετε τη διαδρομή Τρίπολη– 
                Μεγαλόπολη- Καλαμάτα. Αφού 
                φτάσετε στην Καλαμάτα, από τον 
                παραλιακό δρόμο της πόλης, 
                ακολουθείτε τη σήμανση προς 
                Κορώνη.</routes>
        <routes>Καθημερινά 
          εκτελούνται δρομολόγια του ΚΤΕΛ από 
          την Πάτρα.</routes>
        </distance>
         <distance from="από Καλαμάτα" value="52" unit="χλμ"> </distance>
        </routing>

        <useful_phones>
        <service_phone>
        <serv_name>Δήμος Κορώνης</serv_name>
        <phone>27250 22221</phone>
        </service_phone>
        <service_phone>
        <serv_name>Αγροτικό Ιατρείο Κορώνης</serv_name>
        <phone>27250 22208</phone>
        </service_phone>
        <service_phone>
        <serv_name>Αστυνομία Κορώνης</serv_name>
        <phone>27250 22203</phone>
        </service_phone>
         </useful_phones>
        

        <moist_perc>60</moist_perc>

        <sum_tempr_perc>33</sum_tempr_perc>
      
      
      </Touristic_Location>

</TouristGuide>
